{
	"credit": "cyberia was here",
	"texture_size": [32, 32],
	"textures": {
		"1": "item/music_disc_5_3d"
	},
	"elements": [
		{
			"name": "outer3",
			"from": [5.5, 0, 9.25],
			"to": [8.5, 1, 10.25],
			"rotation": {"angle": 0, "axis": "y", "origin": [9.5, 0, 5.25]},
			"faces": {
				"east": {"uv": [2, 2.5, 2.5, 3], "texture": "#1"},
				"south": {"uv": [2.5, 0, 4, 0.5], "texture": "#1"},
				"west": {"uv": [3.5, 0.5, 4, 1], "texture": "#1"},
				"up": {"uv": [2, 1, 0.5, 0.5], "texture": "#1"},
				"down": {"uv": [2, 0.5, 0.5, 1], "texture": "#1"}
			}
		},
		{
			"name": "inner3",
			"from": [5.5, 0, 6.25],
			"to": [8.5, 1, 6.25],
			"rotation": {"angle": 0, "axis": "y", "origin": [4.5, 0, 3.25]},
			"faces": {
				"north": {"uv": [1, 0.5, 2.5, 1], "texture": "#1"},
				"up": {"uv": [2, 2.5, 0.5, 2.5], "texture": "#1"},
				"down": {"uv": [2, 2.5, 0.5, 2.5], "texture": "#1"}
			}
		},
		{
			"name": "inner4",
			"from": [5.5, 0, 6.25],
			"to": [8.5, 1, 9.25],
			"rotation": {"angle": 0, "axis": "y", "origin": [4.5, 0, 3.25]},
			"faces": {
				"north": {"uv": [0.5, 5.5, 2, 6], "texture": "#1"},
				"west": {"uv": [2, 0.5, 3.5, 1], "texture": "#1"},
				"up": {"uv": [2, 2.5, 0.5, 1], "texture": "#1"},
				"down": {"uv": [2, 1, 0.5, 2.5], "texture": "#1"}
			}
		},
		{
			"name": "outer6",
			"from": [8.5, 0, 6.25],
			"to": [9.5, 1, 9.25],
			"rotation": {"angle": 0, "axis": "y", "origin": [10.5, 0, 3.25]},
			"faces": {
				"north": {"uv": [0.5, 0.5, 1, 1], "texture": "#1"},
				"east": {"uv": [0.5, 5, 2, 5.5], "texture": "#1"},
				"south": {"uv": [2, 2.5, 2.5, 3], "texture": "#1"},
				"up": {"uv": [0.5, 2.5, 0, 1], "texture": "#1"},
				"down": {"uv": [0.5, 1, 0, 2.5], "texture": "#1"}
			}
		}
	],
	"display": {
		"thirdperson_righthand": {
			"rotation": [26, 0, 92],
			"translation": [-5.5, 1.25, -0.25],
			"scale": [0.75, 0.75, 0.75]
		},
		"thirdperson_lefthand": {
			"rotation": [26, 0, 92],
			"translation": [-5.5, 1.25, -0.25],
			"scale": [0.75, 0.75, 0.75]
		},
		"firstperson_righthand": {
			"rotation": [0, -1, 0],
			"translation": [0.75, 10.25, 1.75]
		},
		"firstperson_lefthand": {
			"rotation": [0, -1, 0],
			"translation": [-0.25, 10.25, 1.75]
		},
		"ground": {
			"translation": [0, 3.75, 0],
			"scale": [0.75, 0.75, 0.75]
		},
		"gui": {
			"rotation": [45, 45, 0],
			"translation": [0.75, 11, 0],
			"scale": [2, 2, 2]
		},
		"head": {
			"translation": [0, 14.25, 0]
		},
		"fixed": {
			"rotation": [-90, 180, 0],
			"translation": [-1.25, 0, -14.75],
			"scale": [2, 2, 2]
		}
	},
	"groups": [
		{
			"name": "disc_fragment_5",
			"origin": [6.5, 0, -1.75],
			"color": 0,
			"children": [0, 1, 2, 3]
		}
	]
}