{
	"credit": "dronko fire blaster",
	"textures": {
		"0": "block/acacia_leaves",
		"particle": "block/acacia_leaves"
	},
	"elements": [
		{
			"from": [0, 0, 0],
			"to": [15, 16, 16],
			"faces": {
				"north": {"uv": [0, 0, 15, 16], "texture": "#0", "tintindex": 0},
				"east": {"uv": [0, 0, 16, 16], "texture": "#0", "tintindex": 0},
				"south": {"uv": [0, 0, 15, 16], "texture": "#0", "tintindex": 0},
				"west": {"uv": [0, 0, 16, 16], "texture": "#0", "tintindex": 0},
				"up": {"uv": [0, 0, 15, 16], "texture": "#0", "tintindex": 0},
				"down": {"uv": [0, 0, 15, 16], "texture": "#0", "tintindex": 0}
			}
		},
		{
			"from": [-4, -1.3, 7],
			"to": [20, 7.8, 29],
			"rotation": {"angle": 45, "axis": "y", "origin": [-1, -1.2, 13]},
			"faces": {
				"north": {"uv": [0, 0, 16, 9.1], "texture": "#0", "tintindex": 0},
				"east": {"uv": [0, 0, 16, 9.1], "texture": "#0", "tintindex": 0},
				"south": {"uv": [0, 0, 16, 9.1], "texture": "#0", "tintindex": 0},
				"west": {"uv": [0, 0, 16, 9.1], "texture": "#0", "tintindex": 0},
				"up": {"uv": [0, 0, 16, 16], "texture": "#0", "tintindex": 0},
				"down": {"uv": [0, 0, 16, 16], "texture": "#0", "tintindex": 0}
			}
		}
	]
}