{
	"credit": "dronko fire blaster",
	"textures": {
		"0": "block/acacia_leaves",
		"particle": "block/acacia_leaves"
	},
	"elements": [
		{
			"from": [0, 0, 0],
			"to": [16, 16, 16],
			"faces": {
				"north": {"uv": [0, 0, 16, 16], "texture": "#0", "tintindex": 0},
				"east": {"uv": [0, 0, 16, 16], "texture": "#0", "tintindex": 0},
				"south": {"uv": [0, 0, 16, 16], "texture": "#0", "tintindex": 0},
				"west": {"uv": [0, 0, 16, 16], "texture": "#0", "tintindex": 0},
				"up": {"uv": [0, 0, 16, 16], "texture": "#0", "tintindex": 0},
				"down": {"uv": [0, 0, 16, 16], "texture": "#0", "tintindex": 0}
			}
		},
		{
			"from": [-7, -1, 6],
			"to": [18, 8.1, 27],
			"rotation": {"angle": 45, "axis": "y", "origin": [-4, -0.9, 10]},
			"faces": {
				"north": {"uv": [0, 0, 16, 9.1], "texture": "#0", "tintindex": 0},
				"east": {"uv": [0, 0, 16, 9.1], "texture": "#0", "tintindex": 0},
				"south": {"uv": [0, 0, 16, 9.1], "texture": "#0", "tintindex": 0},
				"west": {"uv": [0, 0, 16, 9.1], "texture": "#0", "tintindex": 0},
				"up": {"uv": [0, 0, 16, 16], "texture": "#0", "tintindex": 0},
				"down": {"uv": [0, 0, 16, 16], "texture": "#0", "tintindex": 0}
			}
		}
	]
}