{
	"credit": "dronko fire blaster",
	"textures": {
		"0": "block/cherry_leaves",
		"particle": "block/cherry_leaves"
	},
	"elements": [
		{
			"from": [0, -4, 0],
			"to": [16, 19, 16],
			"rotation": {"angle": 45, "axis": "y", "origin": [8, 8, 8]},
			"faces": {
				"north": {"uv": [0, 0, 13, 16], "texture": "#0", "tintindex": 0},
				"east": {"uv": [0, 0, 13, 16], "texture": "#0", "tintindex": 0},
				"south": {"uv": [0, 0, 13, 16], "texture": "#0", "tintindex": 0},
				"west": {"uv": [0, 0, 13, 16], "texture": "#0", "tintindex": 0},
				"up": {"uv": [0, 0, 16, 16], "texture": "#0", "tintindex": 0},
				"down": {"uv": [0, 0, 16, 16], "texture": "#0", "tintindex": 0}
			}
		},
		{
			"from": [0, -0.2, 0],
			"to": [16, 16.3, 16],
			"rotation": {"angle": 22.5, "axis": "y", "origin": [8, 8, 8]},
			"faces": {
				"north": {"uv": [0, 0, 16, 16], "texture": "#0", "tintindex": 0},
				"east": {"uv": [0, 0, 16, 16], "texture": "#0", "tintindex": 0},
				"south": {"uv": [0, 0, 16, 16], "texture": "#0", "tintindex": 0},
				"west": {"uv": [0, 0, 16, 16], "texture": "#0", "tintindex": 0},
				"up": {"uv": [0, 0, 16, 16], "texture": "#0", "tintindex": 0},
				"down": {"uv": [0, 0, 16, 16], "texture": "#0", "tintindex": 0}
			}
		}
	]
}