{
	"credit": "dronko fire blaster",
	"textures": {
		"0": "block/pale_oak_leaves",
		"particle": "block/pale_oak_leaves"
	},
	"elements": [
		{
			"from": [0, 0, 0],
			"to": [16, 16, 16],
			"faces": {
				"north": {"uv": [0, 0, 16, 16], "texture": "#0", "tintindex": 0},
				"east": {"uv": [0, 0, 16, 16], "texture": "#0", "tintindex": 0},
				"south": {"uv": [0, 0, 16, 16], "texture": "#0", "tintindex": 0},
				"west": {"uv": [0, 0, 16, 16], "texture": "#0", "tintindex": 0},
				"up": {"uv": [0, 0, 16, 16], "texture": "#0", "tintindex": 0},
				"down": {"uv": [0, 0, 16, 16], "texture": "#0", "tintindex": 0}
			}
		},
		{
			"from": [-3, -1.3, 6.25],
			"to": [20, 7.8, 29.25],
			"rotation": {"angle": 45, "axis": "y", "origin": [-1, -1.2, 12.25]},
			"faces": {
				"north": {"uv": [0, 0, 16, 8.1], "texture": "#0", "tintindex": 0},
				"east": {"uv": [0, 0, 16, 8.1], "texture": "#0", "tintindex": 0},
				"south": {"uv": [0, 0, 16, 8.1], "texture": "#0", "tintindex": 0},
				"west": {"uv": [0, 0, 16, 8.1], "texture": "#0", "tintindex": 0},
				"up": {"uv": [0, 0, 16, 16], "texture": "#0", "tintindex": 0},
				"down": {"uv": [0, 0, 16, 16], "texture": "#0", "tintindex": 0}
			}
		}
	]
}