{
	"credit": "dronko fire blaster",
	"textures": {
		"0": "block/warped_wart_block",
		"particle": "block/warped_wart_block"
	},
	"elements": [
		{
			"from": [0, 0, 0],
			"to": [16, 16, 16],
			"faces": {
				"north": {"uv": [0, 0, 16, 16], "texture": "#0", "tintindex": 0},
				"east": {"uv": [0, 0, 16, 16], "texture": "#0", "tintindex": 0},
				"south": {"uv": [0, 0, 16, 16], "texture": "#0", "tintindex": 0},
				"west": {"uv": [0, 0, 16, 16], "texture": "#0", "tintindex": 0},
				"up": {"uv": [0, 0, 16, 16], "texture": "#0", "tintindex": 0},
				"down": {"uv": [0, 0, 16, 16], "texture": "#0", "tintindex": 0}
			}
		},
		{
			"from": [-1.5, 0.71, -1.9],
			"to": [17.2, 17.11, 17.9],
			"rotation": {"angle": 22.5, "axis": "y", "origin": [8, -2, 8]},
			"faces": {
				"north": {"uv": [0, 0, 16, 15.8], "texture": "#0", "tintindex": 0},
				"east": {"uv": [0, 0, 16, 15.8], "texture": "#0", "tintindex": 0},
				"south": {"uv": [0, 0, 16, 15.8], "texture": "#0", "tintindex": 0},
				"west": {"uv": [0, 0, 16, 15.8], "texture": "#0", "tintindex": 0},
				"up": {"uv": [0, 0, 16, 16], "rotation": 270, "texture": "#0", "tintindex": 0},
				"down": {"uv": [0, 0, 16, 16], "rotation": 90, "texture": "#0", "tintindex": 0}
			}
		}
	]
}