{
	"credit": "cyberia was here",
	"textures": {
		"0": "item/bamboo_3d",
		"particle": "item/bamboo_3d"
	},
	"elements": [
		{
			"from": [7, 0, 7],
			"to": [9, 16, 9],
			"rotation": {"angle": 0, "axis": "y", "origin": [16, 0, 0]},
			"faces": {
				"north": {"uv": [2, 0, 0, 16], "texture": "#0"},
				"east": {"uv": [8, 0, 6, 16], "texture": "#0"},
				"south": {"uv": [6, 0, 4, 16], "texture": "#0"},
				"west": {"uv": [4, 0, 2, 16], "texture": "#0"},
				"up": {"uv": [8, 8, 10, 6], "texture": "#0", "cullface": "up"},
				"down": {"uv": [8, 8, 10, 10], "texture": "#0", "cullface": "down"}
			}
		},
		{
			"from": [6.9, 1.9, 6.9],
			"to": [9.1, 3.1, 9.1],
			"rotation": {"angle": 0, "axis": "y", "origin": [9, 1, 7]},
			"faces": {
				"north": {"uv": [10, 10, 8, 11], "texture": "#0"},
				"east": {"uv": [12, 10, 10, 11], "texture": "#0"},
				"south": {"uv": [12, 9, 10, 10], "texture": "#0"},
				"west": {"uv": [12, 8, 10, 9], "texture": "#0"},
				"up": {"uv": [10, 2, 12, 0], "texture": "#0"},
				"down": {"uv": [10, 2, 12, 4], "texture": "#0"}
			}
		},
		{
			"from": [6.9, 9.9, 6.9],
			"to": [9.1, 11.1, 9.1],
			"rotation": {"angle": 0, "axis": "y", "origin": [9, 9, 7]},
			"faces": {
				"north": {"uv": [10, 11, 8, 12], "texture": "#0"},
				"east": {"uv": [14, 1, 12, 2], "texture": "#0"},
				"south": {"uv": [14, 0, 12, 1], "texture": "#0"},
				"west": {"uv": [12, 11, 10, 12], "texture": "#0"},
				"up": {"uv": [10, 6, 12, 4], "texture": "#0"},
				"down": {"uv": [10, 6, 12, 8], "texture": "#0"}
			}
		},
		{
			"from": [7, 11, 8],
			"to": [9, 14, 8],
			"rotation": {"angle": -45, "axis": "z", "origin": [9, 11, 8]},
			"faces": {
				"north": {"uv": [10, 0, 8, 3], "texture": "#0"},
				"east": {"uv": [0, 0, 0, 3], "texture": "#0"},
				"south": {"uv": [10, 3, 8, 6], "texture": "#0"},
				"west": {"uv": [0, 0, 0, 3], "texture": "#0"},
				"up": {"uv": [0, 0, 2, 0], "texture": "#0"},
				"down": {"uv": [0, 0, 2, 0], "texture": "#0"}
			}
		}
	],
	"gui_light": "front",
	"display": {
		"thirdperson_righthand": {
			"rotation": [0, -90, 0],
			"translation": [0, 2, 0],
			"scale": [0.5, 0.5, 0.5]
		},
		"thirdperson_lefthand": {
			"rotation": [0, -90, 0],
			"translation": [0, 2, 0],
			"scale": [0.5, 0.5, 0.5]
		},
		"firstperson_righthand": {
			"rotation": [0, -60, 0],
			"translation": [1.25, 1.5, 0],
			"scale": [0.75, 0.75, 0.75]
		},
		"firstperson_lefthand": {
			"rotation": [0, 120, 0],
			"translation": [1.25, 1.5, 0],
			"scale": [0.75, 0.75, 0.75]
		},
		"ground": {
			"translation": [0, 3, 0],
			"scale": [0.375, 0.375, 0.375]
		},
		"gui": {
			"rotation": [35, 0, -45]
		},
		"head": {
			"translation": [0, 11.5, 0],
			"scale": [0.625, 0.625, 0.625]
		},
		"fixed": {
			"rotation": [180, 0, 134]
		}
	}
}