{
	"credit": "Made with Blockbench",
	"textures": {
		"0": "item/crimson_fungus_3d",
		"1": "item/crimson_fungus_emissive_3d",
		"particle": "item/crimson_fungus_3d"
	},
	"elements": [
		{
			"name": "stem",
			"from": [7, 0, 7],
			"to": [9, 5, 9],
			"light_emission": 5,
			"faces": {
				"north": {"uv": [6, 0, 7, 2.5], "texture": "#0"},
				"east": {"uv": [7, 2.5, 8, 5], "texture": "#0"},
				"south": {"uv": [7, 0, 8, 2.5], "texture": "#0"},
				"west": {"uv": [6, 2.5, 7, 5], "texture": "#0"},
				"up": {"uv": [0, 0, 2, 2], "texture": "#missing"},
				"down": {"uv": [6, 1.5, 7, 2.5], "texture": "#0"}
			}
		},
		{
			"from": [3, 6, 3],
			"to": [13, 8, 13],
			"light_emission": 5,
			"faces": {
				"north": {"uv": [0, 13, 5, 14], "texture": "#0"},
				"east": {"uv": [0, 14, 5, 15], "texture": "#0"},
				"south": {"uv": [0, 13, 5, 14], "texture": "#0"},
				"west": {"uv": [0, 14, 5, 15], "texture": "#0"},
				"up": {"uv": [0, 8.5, 5, 13], "texture": "#0"},
				"down": {"uv": [0, 8, 5, 13], "texture": "#0"}
			}
		},
		{
			"from": [4, 5, 4],
			"to": [12, 6, 12],
			"light_emission": 5,
			"faces": {
				"north": {"uv": [4, 6, 8, 6.5], "texture": "#0"},
				"east": {"uv": [4, 7.5, 8, 8], "texture": "#0"},
				"south": {"uv": [4, 6.5, 8, 7], "texture": "#0"},
				"west": {"uv": [4, 7, 8, 7.5], "texture": "#0"},
				"down": {"uv": [0.5, 8.5, 4.5, 12.5], "texture": "#0"}
			}
		},
		{
			"from": [5, 8, 5],
			"to": [11, 11, 11],
			"light_emission": 5,
			"faces": {
				"north": {"uv": [0, 0, 3, 1.5], "texture": "#0"},
				"east": {"uv": [0, 4.5, 3, 6], "texture": "#0"},
				"south": {"uv": [0, 1.5, 3, 3], "texture": "#0"},
				"west": {"uv": [0, 3, 3, 4.5], "texture": "#0"},
				"up": {"uv": [3, 0, 6, 3], "texture": "#0"},
				"down": {"uv": [0, 0, 6, 6], "texture": "#missing"}
			}
		},
		{
			"from": [6, 11, 6],
			"to": [10, 12, 10],
			"light_emission": 5,
			"faces": {
				"north": {"uv": [2, 6, 4, 6.5], "texture": "#0"},
				"east": {"uv": [2, 7.5, 4, 8], "texture": "#0"},
				"south": {"uv": [2, 6.5, 4, 7], "texture": "#0"},
				"west": {"uv": [2, 7, 4, 7.5], "texture": "#0"},
				"up": {"uv": [0, 6, 2, 8], "texture": "#0"},
				"down": {"uv": [0, 0, 4, 4], "texture": "#missing"}
			}
		},
		{
			"from": [3, 6, 3],
			"to": [13, 8, 13],
			"faces": {
				"north": {"uv": [0, 13, 5, 14], "texture": "#1"},
				"east": {"uv": [0, 14, 5, 15], "texture": "#1"},
				"south": {"uv": [0, 13, 5, 14], "texture": "#1"},
				"west": {"uv": [0, 14, 5, 15], "texture": "#1"},
				"up": {"uv": [0, 8.5, 5, 13], "texture": "#1"},
				"down": {"uv": [0, 8, 5, 13], "texture": "#1"}
			}
		},
		{
			"from": [5, 8, 5],
			"to": [11, 11, 11],
			"faces": {
				"north": {"uv": [0, 0, 3, 1.5], "texture": "#1"},
				"east": {"uv": [0, 4.5, 3, 6], "texture": "#1"},
				"south": {"uv": [0, 1.5, 3, 3], "texture": "#1"},
				"west": {"uv": [0, 3, 3, 4.5], "texture": "#1"},
				"up": {"uv": [3, 0, 6, 3], "texture": "#1"},
				"down": {"uv": [0, 0, 6, 6], "texture": "#1"}
			}
		},
		{
			"from": [6, 11, 6],
			"to": [10, 12, 10],
			"faces": {
				"north": {"uv": [2, 6, 4, 6.5], "texture": "#1"},
				"east": {"uv": [2, 7.5, 4, 8], "texture": "#1"},
				"south": {"uv": [2, 6.5, 4, 7], "texture": "#1"},
				"west": {"uv": [2, 7, 4, 7.5], "texture": "#1"},
				"up": {"uv": [0, 6, 2, 8], "texture": "#1"},
				"down": {"uv": [0, 0, 4, 4], "texture": "#1"}
			}
		}
	],
	"gui_light": "front",
	"display": {
		"thirdperson_righthand": {
			"translation": [0, 3, 0.5],
			"scale": [0.375, 0.375, 0.375]
		},
		"thirdperson_lefthand": {
			"translation": [0, 3, 0.5],
			"scale": [0.375, 0.375, 0.375]
		},
		"firstperson_righthand": {
			"rotation": [0, -45, 0],
			"translation": [0, 4.25, 1.75],
			"scale": [0.4, 0.4, 0.4]
		},
		"firstperson_lefthand": {
			"rotation": [0, -45, 0],
			"translation": [0, 4.25, 1.75],
			"scale": [0.4, 0.4, 0.4]
		},
		"ground": {
			"translation": [0, 2.25, 0],
			"scale": [0.5, 0.5, 0.5]
		},
		"gui": {
			"rotation": [22.5, 135, 0],
			"translation": [0, 1, 0]
		},
		"head": {
			"translation": [0, 11.5, 0],
			"scale": [0.625, 0.625, 0.625]
		}
	}
}