{
	"credit": "cyberia was here",
	"textures": {
		"0": "block/dead_bubble_coral_fan",
		"particle": "block/dead_bubble_coral_fan"
	},
	"elements": [
		{
			"from": [0, 0, 8],
			"to": [16, 0, 24],
			"shade": false,
			"rotation": {"angle": -22.5, "axis": "x", "origin": [0, 0, 8]},
			"faces": {
				"up": {"uv": [16, 16, 0, 0], "texture": "#0"},
				"down": {"uv": [16, 0, 0, 16], "texture": "#0"}
			}
		},
		{
			"from": [-8, 0, 0],
			"to": [8, 0, 16],
			"shade": false,
			"rotation": {"angle": -22.5, "axis": "z", "origin": [8, 0, 0]},
			"faces": {
				"up": {"uv": [0, 0, 16, 16], "rotation": 270, "texture": "#0"},
				"down": {"uv": [0, 16, 16, 0], "rotation": 90, "texture": "#0"}
			}
		},
		{
			"from": [8, 0, 0],
			"to": [24, 0, 16],
			"shade": false,
			"rotation": {"angle": 22.5, "axis": "z", "origin": [8, 0, 0]},
			"faces": {
				"up": {"uv": [0, 0, 16, 16], "rotation": 90, "texture": "#0"},
				"down": {"uv": [0, 16, 16, 0], "rotation": 270, "texture": "#0"}
			}
		},
		{
			"from": [0, 0, -8],
			"to": [16, 0, 8],
			"shade": false,
			"rotation": {"angle": 22.5, "axis": "x", "origin": [0, 0, 8]},
			"faces": {
				"up": {"uv": [0, 0, 16, 16], "texture": "#0"},
				"down": {"uv": [0, 16, 16, 0], "texture": "#0"}
			}
		}
	],
	"gui_light": "front",
	"display": {
		"thirdperson_righthand": {
			"translation": [0, 3, 0.5],
			"scale": [0.375, 0.375, 0.375]
		},
		"thirdperson_lefthand": {
			"translation": [0, 3, 0.5],
			"scale": [0.375, 0.375, 0.375]
		},
		"firstperson_righthand": {
			"rotation": [0, 45, 0],
			"translation": [0, 4.25, 1.75],
			"scale": [0.4, 0.4, 0.4]
		},
		"firstperson_lefthand": {
			"rotation": [0, 45, 0],
			"translation": [0, 4.25, 1.75],
			"scale": [0.4, 0.4, 0.4]
		},
		"ground": {
			"translation": [0, 3, 0],
			"scale": [0.375, 0.375, 0.375]
		},
		"gui": {
			"rotation": [22.5, 45, 0],
			"scale": [0.75, 0.75, 0.75]
		},
		"head": {
			"translation": [0, 11.5, 0],
			"scale": [0.625, 0.625, 0.625]
		},
		"fixed": {
			"rotation": [-90, 0, 0],
			"translation": [-0.25, -0.5, -6.25],
			"scale": [0.9, 0.9, 0.9]
		}
	}
}