{
	"credit": "cyberia was here",
	"textures": {
		"3": "item/tropical_water_3d",
		"4": "item/underwater_sand_3d",
		"5": "item/glass_bowl_3d",
		"6": "block/horn_coral",
		"particle": "item/underwater_sand_3d"
	},
	"elements": [
		{
			"name": "block",
			"from": [1.01, 0.01, 1.01],
			"to": [14.99, 1.99, 14.99],
			"rotation": {"angle": 0, "axis": "y", "origin": [9, 0, -1]},
			"faces": {
				"north": {"uv": [7, 0, 14, 1], "texture": "#4"},
				"east": {"uv": [7, 0, 14, 1], "texture": "#4"},
				"south": {"uv": [7, 0, 14, 1], "texture": "#4"},
				"west": {"uv": [7, 0, 14, 1], "texture": "#4"},
				"up": {"uv": [7, 7, 0, 0], "texture": "#4"},
				"down": {"uv": [7, 7, 0, 14], "texture": "#4"}
			}
		},
		{
			"from": [1, 1, 1],
			"to": [15, 5, 15],
			"rotation": {"angle": 0, "axis": "y", "origin": [1, 1, 1]},
			"faces": {
				"north": {"uv": [0, 0, 14, 4], "texture": "#3"},
				"east": {"uv": [0, 0, 14, 4], "texture": "#3"},
				"south": {"uv": [0, 0, 14, 4], "texture": "#3"},
				"west": {"uv": [0, 0, 14, 4], "texture": "#3"},
				"up": {"uv": [0, 0, 14, 14], "texture": "#3"},
				"down": {"uv": [0, 0, 14, 14], "texture": "#3"}
			}
		},
		{
			"from": [0.99, -0.01, 0.99],
			"to": [2.01, 6.01, 14.01],
			"rotation": {"angle": 0, "axis": "y", "origin": [0, 1, 0]},
			"faces": {
				"north": {"uv": [7, 5, 7.25, 6.5], "texture": "#5"},
				"east": {"uv": [0, 3.25, 3.25, 4.75], "texture": "#5"},
				"west": {"uv": [3.25, 3.25, 6.5, 4.75], "texture": "#5"},
				"up": {"uv": [6.75, 6.75, 6.5, 3.5], "texture": "#5"},
				"down": {"uv": [7, 3.5, 6.75, 6.75], "texture": "#5"}
			}
		},
		{
			"from": [13.99, -0.01, 1.99],
			"to": [15.01, 6.01, 15.01],
			"rotation": {"angle": 0, "axis": "y", "origin": [13, 1, 1]},
			"faces": {
				"east": {"uv": [0, 4.75, 3.25, 6.25], "texture": "#5"},
				"south": {"uv": [7.25, 6.5, 7.5, 8], "texture": "#5"},
				"west": {"uv": [3.25, 4.75, 6.5, 6.25], "texture": "#5"},
				"up": {"uv": [6.75, 10, 6.5, 6.75], "texture": "#5"},
				"down": {"uv": [7, 6.75, 6.75, 10], "texture": "#5"}
			}
		},
		{
			"from": [0.99, -0.01, 13.99],
			"to": [14.01, 6.01, 15.01],
			"rotation": {"angle": 0, "axis": "y", "origin": [12, 1, -1]},
			"faces": {
				"north": {"uv": [6, 0, 9.25, 1.5], "texture": "#5"},
				"south": {"uv": [6, 1.5, 9.25, 3], "texture": "#5"},
				"west": {"uv": [7.5, 6.5, 7.75, 8], "texture": "#5"},
				"up": {"uv": [10.25, 3.75, 7, 3.5], "texture": "#5"},
				"down": {"uv": [10.25, 3.75, 7, 4], "texture": "#5"}
			}
		},
		{
			"from": [1.99, -0.01, 0.99],
			"to": [15.01, 6.01, 2.01],
			"rotation": {"angle": 0, "axis": "y", "origin": [13, 1, -14]},
			"faces": {
				"north": {"uv": [0, 6.25, 3.25, 7.75], "texture": "#5"},
				"east": {"uv": [0, 7.75, 0.25, 9.25], "texture": "#5"},
				"south": {"uv": [3.25, 6.25, 6.5, 7.75], "texture": "#5"},
				"up": {"uv": [10.25, 4.25, 7, 4], "texture": "#5"},
				"down": {"uv": [10.25, 4.25, 7, 4.5], "texture": "#5"}
			}
		},
		{
			"from": [1.99, -0.01, 1.99],
			"to": [14.01, 1.01, 14.01],
			"rotation": {"angle": 0, "axis": "y", "origin": [1, 0, 0]},
			"faces": {
				"up": {"uv": [3, 3.25, 0, 0], "texture": "#5"},
				"down": {"uv": [6, 0, 3, 3], "texture": "#5"}
			}
		},
		{
			"from": [8, 2, 2.6],
			"to": [8, 14, 13.4],
			"shade": false,
			"rotation": {"angle": 45, "axis": "y", "origin": [8, 8, 8], "rescale": true},
			"faces": {
				"east": {"uv": [0, 0, 16, 16], "texture": "#6"},
				"west": {"uv": [0, 0, 16, 16], "texture": "#6"}
			}
		},
		{
			"from": [2.6, 2, 8],
			"to": [13.4, 14, 8],
			"shade": false,
			"rotation": {"angle": 45, "axis": "y", "origin": [8, 8, 8], "rescale": true},
			"faces": {
				"north": {"uv": [0, 0, 16, 16], "texture": "#6"},
				"south": {"uv": [0, 0, 16, 16], "texture": "#6"}
			}
		}
	],
	"display": {
		"thirdperson_righthand": {
			"rotation": [65, 0, 0],
			"translation": [0, 2.75, 0.25],
			"scale": [0.375, 0.375, 0.375]
		},
		"thirdperson_lefthand": {
			"rotation": [65, 0, 0],
			"translation": [0, 2.75, 0.25],
			"scale": [0.375, 0.375, 0.375]
		},
		"firstperson_righthand": {
			"rotation": [0, 45, 0],
			"translation": [-0.25, 4.25, 1],
			"scale": [0.4, 0.4, 0.4]
		},
		"firstperson_lefthand": {
			"rotation": [0, 45, 0],
			"translation": [-0.25, 4.25, 1],
			"scale": [0.4, 0.4, 0.4]
		},
		"ground": {
			"translation": [0, 3, 0],
			"scale": [0.375, 0.375, 0.375]
		},
		"gui": {
			"rotation": [30, 45, 0],
			"translation": [0, 1.25, 0],
			"scale": [0.7, 0.7, 0.7]
		},
		"head": {
			"translation": [0, 11.5, 0],
			"scale": [0.625, 0.625, 0.625]
		}
	},
	"groups": [
		0,
		1,
		{
			"name": "group",
			"origin": [0, 1, -14],
			"color": 0,
			"children": [2, 3, 4, 5, 6]
		},
		7,
		8
	]
}