{
	"credit": "Made with Blockbench",
	"textures": {
		"0": "item/red_mushroom_3d",
		"particle": "item/red_mushroom_3d"
	},
	"elements": [
		{
			"name": "stem",
			"from": [7, 0, 7],
			"to": [9, 3, 9],
			"faces": {
				"north": {"uv": [14, 0, 16, 3], "texture": "#0"},
				"east": {"uv": [14, 4, 16, 7], "texture": "#0"},
				"south": {"uv": [14, 0, 16, 3], "texture": "#0"},
				"west": {"uv": [14, 4, 16, 7], "texture": "#0"},
				"up": {"uv": [2, 9, 4, 11], "texture": "#0"},
				"down": {"uv": [14, 5, 16, 7], "texture": "#0"}
			}
		},
		{
			"name": "cap",
			"from": [5, 3, 5],
			"to": [11, 6, 11],
			"faces": {
				"north": {"uv": [7, 0, 13, 3], "texture": "#0"},
				"east": {"uv": [7, 12, 13, 15], "texture": "#0"},
				"south": {"uv": [7, 4, 13, 7], "texture": "#0"},
				"west": {"uv": [7, 8, 13, 11], "texture": "#0"},
				"up": {"uv": [0, 0, 6, 6], "texture": "#0"},
				"down": {"uv": [0, 7, 6, 13], "texture": "#0"}
			}
		}
	],
	"gui_light": "front",
	"display": {
		"thirdperson_righthand": {
			"translation": [0, 3, 0.5],
			"scale": [0.375, 0.375, 0.375]
		},
		"thirdperson_lefthand": {
			"translation": [0, 3, 0.5],
			"scale": [0.375, 0.375, 0.375]
		},
		"firstperson_righthand": {
			"rotation": [0, 45, 0],
			"translation": [0, 4.25, 1.75],
			"scale": [0.4, 0.4, 0.4]
		},
		"firstperson_lefthand": {
			"rotation": [0, 45, 0],
			"translation": [0, 5, 1.75],
			"scale": [0.5, 0.5, 0.5]
		},
		"ground": {
			"translation": [0, 2.25, 0],
			"scale": [0.5, 0.5, 0.5]
		},
		"gui": {
			"rotation": [22.5, 135, 0],
			"translation": [0, 1, 0]
		},
		"head": {
			"translation": [0, 11.5, 0],
			"scale": [0.625, 0.625, 0.625]
		}
	}
}