{
	"credit": "cyberia was here",
	"textures": {
		"0": "item/sea_pickle_3d",
		"particle": "item/sea_pickle_3d"
	},
	"elements": [
		{
			"from": [8, 5.2, 7.5],
			"to": [8, 8.7, 8.5],
			"shade": false,
			"light_emission": 15,
			"rotation": {"angle": 45, "axis": "y", "origin": [8, 8, 8], "rescale": true},
			"faces": {
				"east": {"uv": [15, 0, 13, 5], "texture": "#0"},
				"west": {"uv": [13, 0, 15, 5], "texture": "#0"}
			}
		},
		{
			"from": [6, 0, 6],
			"to": [10, 6, 10],
			"faces": {
				"north": {"uv": [4, 5, 8, 11], "texture": "#0"},
				"east": {"uv": [12, 5, 16, 11], "texture": "#0"},
				"south": {"uv": [0, 5, 4, 11], "texture": "#0"},
				"west": {"uv": [8, 5, 12, 11], "texture": "#0"},
				"up": {"uv": [4, 1, 8, 5], "texture": "#0"},
				"down": {"uv": [8, 1, 12, 5], "texture": "#0", "cullface": "down"}
			}
		},
		{
			"from": [6, 5.95, 6],
			"to": [10, 5.95, 10],
			"faces": {
				"up": {"uv": [8, 1, 12, 5], "texture": "#0"}
			}
		},
		{
			"from": [7.5, 5.2, 8],
			"to": [8.5, 8.7, 8],
			"shade": false,
			"light_emission": 15,
			"rotation": {"angle": 45, "axis": "y", "origin": [8, 8, 8], "rescale": true},
			"faces": {
				"north": {"uv": [1, 0, 3, 5], "texture": "#0"},
				"south": {"uv": [3, 0, 1, 5], "texture": "#0"}
			}
		}
	],
	"gui_light": "front",
	"display": {
		"thirdperson_righthand": {
			"translation": [0, 3, 1],
			"scale": [0.375, 0.375, 0.375]
		},
		"thirdperson_lefthand": {
			"translation": [0, 3, 1],
			"scale": [0.375, 0.375, 0.375]
		},
		"firstperson_righthand": {
			"rotation": [0, 45, 0],
			"translation": [-1.5, 6, 3.5],
			"scale": [0.4, 0.4, 0.4]
		},
		"firstperson_lefthand": {
			"rotation": [0, 45, 0],
			"translation": [-1.5, 6, 3.5],
			"scale": [0.4, 0.4, 0.4]
		},
		"ground": {
			"translation": [0, 2.25, 0],
			"scale": [0.5, 0.5, 0.5]
		},
		"gui": {
			"rotation": [22.5, 135, 0],
			"translation": [0, 3.25, 0],
			"scale": [1.2, 1.2, 1.2]
		},
		"head": {
			"translation": [0, 11.5, 0],
			"scale": [0.625, 0.625, 0.625]
		}
	}
}