{
	"credit": "cyberia was here",
	"textures": {
		"1": "block/seagrass"
	},
	"elements": [
		{
			"from": [2, 1, 11],
			"to": [14, 13, 11],
			"shade": false,
			"rotation": {"angle": 0, "axis": "y", "origin": [2, 1, 2]},
			"faces": {
				"north": {"uv": [0, 0, 16, 16], "texture": "#1"},
				"south": {"uv": [0, 0, 16, 16], "texture": "#1"}
			}
		},
		{
			"from": [2, 1, 5],
			"to": [14, 13, 5],
			"shade": false,
			"rotation": {"angle": 0, "axis": "y", "origin": [2, 1, 2]},
			"faces": {
				"north": {"uv": [0, 0, 16, 16], "texture": "#1"},
				"south": {"uv": [0, 0, 16, 16], "texture": "#1"}
			}
		},
		{
			"from": [11, 1, 2],
			"to": [11, 13, 14],
			"shade": false,
			"rotation": {"angle": 0, "axis": "y", "origin": [2, 1, 2]},
			"faces": {
				"east": {"uv": [0, 0, 16, 16], "texture": "#1"},
				"west": {"uv": [0, 0, 16, 16], "texture": "#1"}
			}
		},
		{
			"from": [5, 1, 2],
			"to": [5, 13, 14],
			"shade": false,
			"rotation": {"angle": 0, "axis": "y", "origin": [2, 1, 2]},
			"faces": {
				"east": {"uv": [0, 0, 16, 16], "texture": "#1"},
				"west": {"uv": [0, 0, 16, 16], "texture": "#1"}
			}
		}
	],
	"gui_light": "front",
	"display": {
		"thirdperson_righthand": {
			"rotation": [65, 0, 0],
			"translation": [0, 2.75, 0.25],
			"scale": [0.375, 0.375, 0.375]
		},
		"thirdperson_lefthand": {
			"rotation": [65, 0, 0],
			"translation": [0, 2.75, 0.25],
			"scale": [0.375, 0.375, 0.375]
		},
		"firstperson_righthand": {
			"rotation": [0, 45, 0],
			"translation": [-0.25, 4.25, 1],
			"scale": [0.4, 0.4, 0.4]
		},
		"firstperson_lefthand": {
			"rotation": [0, 45, 0],
			"translation": [-0.25, 4.25, 1],
			"scale": [0.4, 0.4, 0.4]
		},
		"ground": {
			"translation": [0, 3, 0],
			"scale": [0.375, 0.375, 0.375]
		},
		"gui": {
			"rotation": [22.5, 45, 0],
			"translation": [0, 2, 0]
		},
		"head": {
			"translation": [0, 11.5, 0],
			"scale": [0.625, 0.625, 0.625]
		},
		"fixed": {
			"translation": [0, 0.5, 3.75],
			"scale": [1.2, 1.2, 1.2]
		}
	}
}