{
	"credit": "cyberia was here",
	"textures": {
		"0": "item/vine_3d",
		"particle": "item/vine_3d"
	},
	"elements": [
		{
			"from": [0, 0, 8.38268],
			"to": [16, 4, 8.38268],
			"rotation": {"angle": -22.5, "axis": "x", "origin": [8, 4, 8.38268]},
			"faces": {
				"north": {"uv": [0, 12, 16, 16], "texture": "#0"},
				"south": {"uv": [0, 12, 16, 16], "texture": "#0"}
			}
		},
		{
			"from": [0, 4, 8.38268],
			"to": [16, 8, 8.38268],
			"rotation": {"angle": -22.5, "axis": "x", "origin": [8, 8, 8.38268]},
			"faces": {
				"north": {"uv": [0, 8, 16, 12], "texture": "#0"},
				"south": {"uv": [0, 8, 16, 12], "texture": "#0"}
			}
		},
		{
			"from": [0, 8, 8.38268],
			"to": [16, 12, 8.38268],
			"rotation": {"angle": -22.5, "axis": "x", "origin": [8, 12, 8.38268]},
			"faces": {
				"north": {"uv": [0, 4, 16, 8], "texture": "#0"},
				"south": {"uv": [0, 4, 16, 8], "texture": "#0"}
			}
		},
		{
			"from": [0, 12, 8.38268],
			"to": [16, 16, 8.38268],
			"rotation": {"angle": -22.5, "axis": "x", "origin": [8, 16, 8.38268]},
			"faces": {
				"north": {"uv": [0, 0, 16, 4], "texture": "#0"},
				"south": {"uv": [0, 0, 16, 4], "texture": "#0"}
			}
		},
		{
			"from": [0, 0, 8.38268],
			"to": [16, 16, 8.38268],
			"rotation": {"angle": 0, "axis": "y", "origin": [0, 0, 8.38268]},
			"faces": {
				"north": {"uv": [16, 0, 0, 16], "texture": "#0"},
				"south": {"uv": [16, 0, 0, 16], "texture": "#0"}
			}
		},
		{
			"from": [0, 0, 8.38268],
			"to": [16, 4, 8.38268],
			"rotation": {"angle": 22.5, "axis": "x", "origin": [8, 4, 8.38268]},
			"faces": {
				"north": {"uv": [0, 12, 16, 16], "texture": "#0"},
				"south": {"uv": [0, 12, 16, 16], "texture": "#0"}
			}
		},
		{
			"from": [0, 4, 8.38268],
			"to": [16, 8, 8.38268],
			"rotation": {"angle": 22.5, "axis": "x", "origin": [8, 8, 8.38268]},
			"faces": {
				"north": {"uv": [0, 8, 16, 12], "texture": "#0"},
				"south": {"uv": [0, 8, 16, 12], "texture": "#0"}
			}
		},
		{
			"from": [0, 8, 8.38268],
			"to": [16, 12, 8.38268],
			"rotation": {"angle": 22.5, "axis": "x", "origin": [8, 12, 8.38268]},
			"faces": {
				"north": {"uv": [0, 4, 16, 8], "texture": "#0"},
				"south": {"uv": [0, 4, 16, 8], "texture": "#0"}
			}
		},
		{
			"from": [0, 12, 8.38268],
			"to": [16, 16, 8.38268],
			"rotation": {"angle": 22.5, "axis": "x", "origin": [8, 16, 8.38268]},
			"faces": {
				"north": {"uv": [0, 0, 16, 4], "texture": "#0"},
				"south": {"uv": [0, 0, 16, 4], "texture": "#0"}
			}
		}
	],
	"gui_light": "front",
	"display": {
		"thirdperson_righthand": {
			"rotation": [0, 90, 0],
			"translation": [0, -1.25, -1],
			"scale": [0.5, 0.5, 0.5]
		},
		"thirdperson_lefthand": {
			"rotation": [0, 90, 0],
			"translation": [0, -1.25, -1],
			"scale": [0.5, 0.5, 0.5]
		},
		"firstperson_righthand": {
			"rotation": [0, 120, 0],
			"translation": [-1.5, 3.5, 2.25],
			"scale": [0.35, 0.35, 0.35]
		},
		"firstperson_lefthand": {
			"rotation": [0, 120, 0],
			"translation": [-1.5, 3.5, 2.25],
			"scale": [0.35, 0.35, 0.35]
		},
		"ground": {
			"translation": [0, 5.5, 0],
			"scale": [0.75, 0.75, 0.75]
		},
		"gui": {
			"rotation": [22.5, 45, 0],
			"scale": [0.75, 0.75, 0.75]
		},
		"head": {
			"translation": [0, -1.75, -7]
		},
		"fixed": {
			"translation": [0, 0, 0.5]
		}
	},
	"groups": [
		0,
		1,
		2,
		3,
		4,
		{
			"name": "group",
			"origin": [8, 16, 8.38268],
			"color": 0,
			"children": [5, 6, 7, 8]
		}
	]
}