{
	"credit": "cyberia was here",
	"ambientocclusion": false,
	"textures": {
		"particle": "block/wildflowers",
		"flowerbed": "block/wildflowers",
		"stem": "block/wildflowers_stem"
	},
	"elements": [
		{
			"from": [8, 2, 0],
			"to": [16, 2, 8],
			"faces": {
				"up": {"uv": [8, 0, 16, 8], "texture": "#flowerbed"},
				"down": {"uv": [8, 8, 16, 0], "texture": "#flowerbed"}
			}
		},
		{
			"from": [12.4, 0, -7.7],
			"to": [12.4, 2, -6.7],
			"rotation": {"angle": -45, "axis": "y", "origin": [-1, 0, -3]},
			"faces": {
				"east": {"uv": [0, 5, 1, 7], "texture": "#stem", "tintindex": 1},
				"west": {"uv": [0, 5, 1, 7], "texture": "#stem", "tintindex": 1}
			}
		},
		{
			"from": [11.9, 0, -7.2],
			"to": [12.9, 2, -7.2],
			"rotation": {"angle": -45, "axis": "y", "origin": [-1, 0, -3]},
			"faces": {
				"north": {"uv": [0, 5, 1, 7], "texture": "#stem", "tintindex": 1},
				"south": {"uv": [0, 5, 1, 7], "texture": "#stem", "tintindex": 1}
			}
		},
		{
			"from": [10.65, 0, 4.75],
			"to": [10.65, 1, 5.75],
			"rotation": {"angle": -45, "axis": "y", "origin": [0, 0, 1]},
			"faces": {
				"east": {"uv": [0, 6, 1, 7], "texture": "#stem", "tintindex": 1},
				"west": {"uv": [0, 6, 1, 7], "texture": "#stem", "tintindex": 1}
			}
		},
		{
			"from": [0, 1, 8],
			"to": [8, 1, 16],
			"faces": {
				"up": {"uv": [0, 8, 8, 16], "texture": "#flowerbed"},
				"down": {"uv": [0, 16, 8, 8], "texture": "#flowerbed"}
			}
		},
		{
			"from": [13.4, 0, -0.5],
			"to": [13.4, 2, 0.5],
			"rotation": {"angle": -45, "axis": "y", "origin": [0, 0, 0]},
			"faces": {
				"east": {"uv": [0, 5, 1, 7], "texture": "#stem", "tintindex": 1},
				"west": {"uv": [0, 5, 1, 7], "texture": "#stem", "tintindex": 1}
			}
		},
		{
			"from": [17.15, 0, -2.85],
			"to": [18.15, 2, -2.85],
			"rotation": {"angle": -45, "axis": "y", "origin": [0, 0, 0]},
			"faces": {
				"north": {"uv": [0, 5, 1, 7], "texture": "#stem", "tintindex": 1},
				"south": {"uv": [0, 5, 1, 7], "texture": "#stem", "tintindex": 1}
			}
		},
		{
			"from": [17.65, 0, -3.35],
			"to": [17.65, 2, -2.35],
			"rotation": {"angle": -45, "axis": "y", "origin": [0, 0, 0]},
			"faces": {
				"east": {"uv": [0, 5, 1, 7], "texture": "#stem", "tintindex": 1},
				"west": {"uv": [0, 5, 1, 7], "texture": "#stem", "tintindex": 1}
			}
		},
		{
			"from": [18.15, 0, 1.4],
			"to": [18.15, 2, 2.4],
			"rotation": {"angle": -45, "axis": "y", "origin": [0.5, 0, 0.5]},
			"faces": {
				"east": {"uv": [0, 5, 1, 7], "texture": "#stem", "tintindex": 1},
				"west": {"uv": [0, 5, 1, 7], "texture": "#stem", "tintindex": 1}
			}
		},
		{
			"from": [17.65, 0, 1.9],
			"to": [18.65, 2, 1.9],
			"rotation": {"angle": -45, "axis": "y", "origin": [0.5, 0, 0.5]},
			"faces": {
				"north": {"uv": [0, 5, 1, 7], "texture": "#stem", "tintindex": 1},
				"south": {"uv": [0, 5, 1, 7], "texture": "#stem", "tintindex": 1}
			}
		},
		{
			"from": [8, 2, 8],
			"to": [16, 2, 16],
			"faces": {
				"up": {"uv": [8, 8, 16, 16], "texture": "#flowerbed"},
				"down": {"uv": [8, 16, 16, 8], "texture": "#flowerbed"}
			}
		},
		{
			"from": [9.15, 0, -0.45],
			"to": [9.15, 2.99, 0.55],
			"rotation": {"angle": -45, "axis": "y", "origin": [0, 0, 0]},
			"faces": {
				"east": {"uv": [0, 4, 1, 7], "texture": "#stem", "tintindex": 1},
				"west": {"uv": [0, 4, 1, 7], "texture": "#stem", "tintindex": 1}
			}
		},
		{
			"from": [4.4, 0, 2.8],
			"to": [5.4, 2.99, 2.8],
			"rotation": {"angle": -45, "axis": "y", "origin": [0, 0, 0]},
			"faces": {
				"north": {"uv": [0, 4, 1, 7], "texture": "#stem", "tintindex": 1},
				"south": {"uv": [0, 4, 1, 7], "texture": "#stem", "tintindex": 1}
			}
		},
		{
			"from": [4.9, 0, 2.3],
			"to": [4.9, 2.99, 3.3],
			"rotation": {"angle": -45, "axis": "y", "origin": [0, 0, 0]},
			"faces": {
				"east": {"uv": [0, 4, 1, 7], "texture": "#stem", "tintindex": 1},
				"west": {"uv": [0, 4, 1, 7], "texture": "#stem", "tintindex": 1}
			}
		},
		{
			"from": [3.75, 0, -2.1],
			"to": [4.75, 2.99, -2.1],
			"rotation": {"angle": -45, "axis": "y", "origin": [0, 0, 0]},
			"faces": {
				"north": {"uv": [0, 4, 1, 7], "texture": "#stem", "tintindex": 1},
				"south": {"uv": [0, 4, 1, 7], "texture": "#stem", "tintindex": 1}
			}
		},
		{
			"from": [4.25, 0, -2.6],
			"to": [4.25, 2.99, -1.6],
			"rotation": {"angle": -45, "axis": "y", "origin": [0, 0, 0]},
			"faces": {
				"east": {"uv": [0, 4, 1, 7], "texture": "#stem", "tintindex": 1},
				"west": {"uv": [0, 4, 1, 7], "texture": "#stem", "tintindex": 1}
			}
		},
		{
			"from": [0, 2.99, 0],
			"to": [8, 2.99, 8],
			"faces": {
				"up": {"uv": [0, 0, 8, 8], "texture": "#flowerbed"},
				"down": {"uv": [0, 8, 8, 0], "texture": "#flowerbed"}
			}
		},
		{
			"from": [8.65, 0, 0.05],
			"to": [9.65, 2.99, 0.05],
			"rotation": {"angle": -45, "axis": "y", "origin": [0, 0, 0]},
			"faces": {
				"north": {"uv": [0, 4, 1, 7], "texture": "#stem", "tintindex": 1},
				"south": {"uv": [0, 4, 1, 7], "texture": "#stem", "tintindex": 1}
			}
		},
		{
			"from": [12.9, 0, 0],
			"to": [13.9, 2, 0],
			"rotation": {"angle": -45, "axis": "y", "origin": [0, 0, 0]},
			"faces": {
				"north": {"uv": [0, 5, 1, 7], "texture": "#stem", "tintindex": 1},
				"south": {"uv": [0, 5, 1, 7], "texture": "#stem", "tintindex": 1}
			}
		},
		{
			"from": [0, 1, 8],
			"to": [8, 1, 16],
			"faces": {
				"up": {"uv": [0, 8, 8, 16], "texture": "#stem"},
				"down": {"uv": [0, 16, 8, 8], "texture": "#stem"}
			}
		},
		{
			"from": [10.15, 0, 5.25],
			"to": [11.15, 1, 5.25],
			"rotation": {"angle": -45, "axis": "y", "origin": [0, 0, 1]},
			"faces": {
				"north": {"uv": [0, 6, 1, 7], "texture": "#stem", "tintindex": 1},
				"south": {"uv": [0, 6, 1, 7], "texture": "#stem", "tintindex": 1}
			}
		}
	],
	"gui_light": "front",
	"display": {
		"thirdperson_righthand": {
			"rotation": [0, 45, 0],
			"translation": [0, 3.5, 0.5],
			"scale": [0.375, 0.375, 0.375]
		},
		"thirdperson_lefthand": {
			"rotation": [0, 45, 0],
			"translation": [0, 3.5, 0.5],
			"scale": [0.375, 0.375, 0.375]
		},
		"firstperson_righthand": {
			"rotation": [0, 45, 0],
			"translation": [0, 4.25, 1.75],
			"scale": [0.4, 0.4, 0.4]
		},
		"firstperson_lefthand": {
			"rotation": [0, 45, 0],
			"translation": [0, 4.25, 1.75],
			"scale": [0.4, 0.4, 0.4]
		},
		"ground": {
			"translation": [0, 5, 0],
			"scale": [0.375, 0.375, 0.375]
		},
		"gui": {
			"rotation": [32.5, 135, 0],
			"translation": [0, 3, 0],
			"scale": [0.75, 0.75, 0.75]
		},
		"head": {
			"translation": [0, 11.5, 0],
			"scale": [0.625, 0.625, 0.625]
		},
		"fixed": {
			"rotation": [-90, 0, 0],
			"translation": [0, 0, -7]
		}
	}
}