{
  "variants": {
    "": [
      {
        "model": "minecraft:block/acacia_leaves1_1",
        "x": 0,
        "y": 180,
        "weight": 1
      },
      {
        "model": "minecraft:block/acacia_leaves1_1",
        "x": 0,
        "y": 0,
        "weight": 1
      },
      {
        "model": "minecraft:block/acacia_leaves1_2",
        "x": 0,
        "y": 180,
        "weight": 1
      },
      {
        "model": "minecraft:block/acacia_leaves1_2",
        "x": 0,
        "y": 0,
        "weight": 1
      },
      {
        "model": "minecraft:block/acacia_leaves1_3",
        "x": 0,
        "y": 180,
        "weight": 1
      },
      {
        "model": "minecraft:block/acacia_leaves1_3",
        "x": 0,
        "y": 0,
        "weight": 1
      },
      {
        "model": "minecraft:block/acacia_leaves2_1",
        "x": 0,
        "y": 180,
        "weight": 1
      },
      {
        "model": "minecraft:block/acacia_leaves2_1",
        "x": 0,
        "y": 0,
        "weight": 1
      },
      {
        "model": "minecraft:block/acacia_leaves2_2",
        "x": 0,
        "y": 180,
        "weight": 1
      },
      {
        "model": "minecraft:block/acacia_leaves2_2",
        "x": 0,
        "y": 0,
        "weight": 1
      },
      {
        "model": "minecraft:block/acacia_leaves2_3",
        "x": 0,
        "y": 180,
        "weight": 1
      },
      {
        "model": "minecraft:block/acacia_leaves2_3",
        "x": 0,
        "y": 0,
        "weight": 1
      },
      {
        "model": "minecraft:block/acacia_leaves3_1",
        "x": 0,
        "y": 180,
        "weight": 1
      },
      {
        "model": "minecraft:block/acacia_leaves3_1",
        "x": 0,
        "y": 0,
        "weight": 1
      },
      {
        "model": "minecraft:block/acacia_leaves3_2",
        "x": 0,
        "y": 180,
        "weight": 1
      },
      {
        "model": "minecraft:block/acacia_leaves3_2",
        "x": 0,
        "y": 0,
        "weight": 1
      },
      {
        "model": "minecraft:block/acacia_leaves3_3",
        "x": 0,
        "y": 180,
        "weight": 1
      }
    ]
  }
}
